{
  "src/components/ExampleComponent.react.js": {
    "description": "FilesUpload is an example component.\nIt takes a list of `label`, and\ndisplays buttons to upload files",
    "methods": [
      {
        "name": "handleSubmit",
        "docblock": null,
        "modifiers": [],
        "params": [
          {
            "name": "e",
            "type": null
          }
        ],
        "returns": null
      }
    ],
    "props": {
      "id": {
        "type": {
          "name": "string"
        },
        "required": false,
        "description": "The ID used to identify this compnent in Dash callbacks"
      },
      "label": {
        "type": {
          "name": "string"
        },
        "required": true,
        "description": "A label that will be printed when this component is rendered."
      },
      "setProps": {
        "type": {
          "name": "func"
        },
        "required": false,
        "description": "Dash-assigned callback that should be called whenever any of the\nproperties change"
      }
    }
  },
  "src/components/FilesUpload.react.js": {
    "description": "FilesUpload is an example component.\nIt takes a list of `label`, and\ndisplays buttons to upload files",
    "methods": [
      {
        "name": "handleSubmit",
        "docblock": null,
        "modifiers": [],
        "params": [
          {
            "name": "e",
            "type": null
          }
        ],
        "returns": null
      }
    ],
    "props": {
      "id": {
        "type": {
          "name": "string"
        },
        "required": false,
        "description": "The ID used to identify this compnent in Dash callbacks"
      },
      "label": {
        "type": {
          "name": "string"
        },
        "required": true,
        "description": "A set of labels for the files to upload"
      },
      "textButton": {
        "type": {
          "name": "string"
        },
        "required": false,
        "description": "A set of labels for the files to upload",
        "defaultValue": {
          "value": "'Upload'",
          "computed": false
        }
      },
      "uploadUrl": {
        "type": {
          "name": "string"
        },
        "required": true,
        "description": "upload url for ajax request"
      },
      "setProps": {
        "type": {
          "name": "func"
        },
        "required": false,
        "description": "Dash-assigned callback that should be called whenever any of the\nproperties change"
      }
    }
  }
}